"","State","Year","PacksPerCapita","treated"
"1","Alabama",1970,89.80000305,0
"2","Arkansas",1970,100.3000031,0
"3","Colorado",1970,124.8000031,0
"4","Connecticut",1970,120,0
"5","Delaware",1970,155,0
"6","Georgia",1970,109.9000015,0
"7","Idaho",1970,102.4000015,0
"8","Illinois",1970,124.8000031,0
"9","Indiana",1970,134.6000061,0
"10","Iowa",1970,108.5,0
"11","Kansas",1970,114,0
"12","Kentucky",1970,155.8000031,0
"13","Louisiana",1970,115.9000015,0
"14","Maine",1970,128.5,0
"15","Minnesota",1970,104.3000031,0
"16","Mississippi",1970,93.40000153,0
"17","Missouri",1970,121.3000031,0
"18","Montana",1970,111.1999969,0
"19","Nebraska",1970,108.0999985,0
"20","Nevada",1970,189.5,0
"21","New Hampshire",1970,265.7000122,0
"22","New Mexico",1970,90,0
"23","North Carolina",1970,172.3999939,0
"24","North Dakota",1970,93.80000305,0
"25","Ohio",1970,121.5999985,0
"26","Oklahoma",1970,108.4000015,0
"27","Pennsylvania",1970,107.3000031,0
"28","Rhode Island",1970,123.9000015,0
"29","South Carolina",1970,103.5999985,0
"30","South Dakota",1970,92.69999695,0
"31","Tennessee",1970,99.80000305,0
"32","Texas",1970,106.4000015,0
"33","Utah",1970,65.5,0
"34","Vermont",1970,122.5999985,0
"35","Virginia",1970,124.3000031,0
"36","West Virginia",1970,114.5,0
"37","Wisconsin",1970,106.4000015,0
"38","Wyoming",1970,132.1999969,0
"39","California",1970,123,0
"40","Alabama",1971,95.40000153,0
"41","Arkansas",1971,104.0999985,0
"42","Colorado",1971,125.5,0
"43","Connecticut",1971,117.5999985,0
"44","Delaware",1971,161.1000061,0
"45","Georgia",1971,115.6999969,0
"46","Idaho",1971,108.5,0
"47","Illinois",1971,125.5999985,0
"48","Indiana",1971,139.3000031,0
"49","Iowa",1971,108.4000015,0
"50","Kansas",1971,102.8000031,0
"51","Kentucky",1971,163.5,0
"52","Louisiana",1971,119.8000031,0
"53","Maine",1971,133.1999969,0
"54","Minnesota",1971,116.4000015,0
"55","Mississippi",1971,105.4000015,0
"56","Missouri",1971,127.5999985,0
"57","Montana",1971,115.5999985,0
"58","Nebraska",1971,108.5999985,0
"59","Nevada",1971,190.5,0
"60","New Hampshire",1971,278,0
"61","New Mexico",1971,92.59999847,0
"62","North Carolina",1971,187.6000061,0
"63","North Dakota",1971,98.5,0
"64","Ohio",1971,124.5999985,0
"65","Oklahoma",1971,115.4000015,0
"66","Pennsylvania",1971,106.3000031,0
"67","Rhode Island",1971,123.1999969,0
"68","South Carolina",1971,115,0
"69","South Dakota",1971,96.69999695,0
"70","Tennessee",1971,106.3000031,0
"71","Texas",1971,108.9000015,0
"72","Utah",1971,67.69999695,0
"73","Vermont",1971,124.4000015,0
"74","Virginia",1971,128.3999939,0
"75","West Virginia",1971,111.5,0
"76","Wisconsin",1971,105.4000015,0
"77","Wyoming",1971,131.6999969,0
"78","California",1971,121,0
"79","Alabama",1972,101.0999985,0
"80","Arkansas",1972,103.9000015,0
"81","Colorado",1972,134.3000031,0
"82","Connecticut",1972,110.8000031,0
"83","Delaware",1972,156.3000031,0
"84","Georgia",1972,117,0
"85","Idaho",1972,126.0999985,0
"86","Illinois",1972,126.5999985,0
"87","Indiana",1972,149.1999969,0
"88","Iowa",1972,109.4000015,0
"89","Kansas",1972,111,0
"90","Kentucky",1972,179.3999939,0
"91","Louisiana",1972,125.3000031,0
"92","Maine",1972,136.5,0
"93","Minnesota",1972,96.80000305,0
"94","Mississippi",1972,112.0999985,0
"95","Missouri",1972,130,0
"96","Montana",1972,122.1999969,0
"97","Nebraska",1972,104.9000015,0
"98","Nevada",1972,198.6000061,0
"99","New Hampshire",1972,296.2000122,0
"100","New Mexico",1972,99.30000305,0
"101","North Carolina",1972,214.1000061,0
"102","North Dakota",1972,103.8000031,0
"103","Ohio",1972,124.4000015,0
"104","Oklahoma",1972,121.6999969,0
"105","Pennsylvania",1972,109,0
"106","Rhode Island",1972,134.3999939,0
"107","South Carolina",1972,118.6999969,0
"108","South Dakota",1972,103,0
"109","Tennessee",1972,111.5,0
"110","Texas",1972,108.5999985,0
"111","Utah",1972,71.30000305,0
"112","Vermont",1972,138,0
"113","Virginia",1972,137,0
"114","West Virginia",1972,117.5,0
"115","Wisconsin",1972,108.8000031,0
"116","Wyoming",1972,140,0
"117","California",1972,123.5,0
"118","Alabama",1973,102.9000015,0
"119","Arkansas",1973,108,0
"120","Colorado",1973,137.8999939,0
"121","Connecticut",1973,109.3000031,0
"122","Delaware",1973,154.6999969,0
"123","Georgia",1973,119.8000031,0
"124","Idaho",1973,121.8000031,0
"125","Illinois",1973,124.4000015,0
"126","Indiana",1973,156,0
"127","Iowa",1973,110.5999985,0
"128","Kansas",1973,115.1999969,0
"129","Kentucky",1973,201.8999939,0
"130","Louisiana",1973,126.6999969,0
"131","Maine",1973,138,0
"132","Minnesota",1973,106.8000031,0
"133","Mississippi",1973,115,0
"134","Missouri",1973,132.1000061,0
"135","Montana",1973,119.9000015,0
"136","Nebraska",1973,106.5999985,0
"137","Nevada",1973,201.5,0
"138","New Hampshire",1973,279,0
"139","New Mexico",1973,98.90000153,0
"140","North Carolina",1973,226.5,0
"141","North Dakota",1973,108.6999969,0
"142","Ohio",1973,120.5,0
"143","Oklahoma",1973,124.0999985,0
"144","Pennsylvania",1973,110.6999969,0
"145","Rhode Island",1973,142,0
"146","South Carolina",1973,125.5,0
"147","South Dakota",1973,103.5,0
"148","Tennessee",1973,109.6999969,0
"149","Texas",1973,110.4000015,0
"150","Utah",1973,72.69999695,0
"151","Vermont",1973,146.8000031,0
"152","Virginia",1973,143.1000061,0
"153","West Virginia",1973,116.5999985,0
"154","Wisconsin",1973,109.5,0
"155","Wyoming",1973,141.1999969,0
"156","California",1973,124.4000015,0
"157","Alabama",1974,108.1999969,0
"158","Arkansas",1974,109.6999969,0
"159","Colorado",1974,132.8000031,0
"160","Connecticut",1974,112.4000015,0
"161","Delaware",1974,151.3000031,0
"162","Georgia",1974,123.6999969,0
"163","Idaho",1974,125.5999985,0
"164","Illinois",1974,131.8999939,0
"165","Indiana",1974,159.6000061,0
"166","Iowa",1974,116.0999985,0
"167","Kansas",1974,118.5999985,0
"168","Kentucky",1974,212.3999939,0
"169","Louisiana",1974,129.8999939,0
"170","Maine",1974,142.1000061,0
"171","Minnesota",1974,110.5999985,0
"172","Mississippi",1974,117.0999985,0
"173","Missouri",1974,135.3999939,0
"174","Montana",1974,121.9000015,0
"175","Nebraska",1974,110.5,0
"176","Nevada",1974,204.6999969,0
"177","New Hampshire",1974,269.7999878,0
"178","New Mexico",1974,100.3000031,0
"179","North Carolina",1974,227.3000031,0
"180","North Dakota",1974,110.5,0
"181","Ohio",1974,122.0999985,0
"182","Oklahoma",1974,130.5,0
"183","Pennsylvania",1974,114.1999969,0
"184","Rhode Island",1974,146.1000061,0
"185","South Carolina",1974,129.6999969,0
"186","South Dakota",1974,108.4000015,0
"187","Tennessee",1974,114.8000031,0
"188","Texas",1974,114.6999969,0
"189","Utah",1974,75.59999847,0
"190","Vermont",1974,151.8000031,0
"191","Virginia",1974,149.6000061,0
"192","West Virginia",1974,119.9000015,0
"193","Wisconsin",1974,111.8000031,0
"194","Wyoming",1974,145.8000031,0
"195","California",1974,126.6999969,0
"196","Alabama",1975,111.6999969,0
"197","Arkansas",1975,114.8000031,0
"198","Colorado",1975,131,0
"199","Connecticut",1975,110.1999969,0
"200","Delaware",1975,147.6000061,0
"201","Georgia",1975,122.9000015,0
"202","Idaho",1975,123.3000031,0
"203","Illinois",1975,131.8000031,0
"204","Indiana",1975,162.3999939,0
"205","Iowa",1975,120.5,0
"206","Kansas",1975,123.4000015,0
"207","Kentucky",1975,223,0
"208","Louisiana",1975,133.6000061,0
"209","Maine",1975,140.6999969,0
"210","Minnesota",1975,111.5,0
"211","Mississippi",1975,116.8000031,0
"212","Missouri",1975,135.6000061,0
"213","Montana",1975,123.6999969,0
"214","Nebraska",1975,114.0999985,0
"215","Nevada",1975,205.1999969,0
"216","New Hampshire",1975,269.1000061,0
"217","New Mexico",1975,103.0999985,0
"218","North Carolina",1975,226,0
"219","North Dakota",1975,117.9000015,0
"220","Ohio",1975,122.5,0
"221","Oklahoma",1975,132.8999939,0
"222","Pennsylvania",1975,114.5999985,0
"223","Rhode Island",1975,154.6999969,0
"224","South Carolina",1975,130.5,0
"225","South Dakota",1975,113.5,0
"226","Tennessee",1975,117.4000015,0
"227","Texas",1975,116,0
"228","Utah",1975,75.80000305,0
"229","Vermont",1975,155.5,0
"230","Virginia",1975,152.6999969,0
"231","West Virginia",1975,123.1999969,0
"232","Wisconsin",1975,113.5,0
"233","Wyoming",1975,160.6999969,0
"234","California",1975,127.0999985,0
"235","Alabama",1976,116.1999969,0
"236","Arkansas",1976,119.0999985,0
"237","Colorado",1976,134.1999969,0
"238","Connecticut",1976,113.4000015,0
"239","Delaware",1976,153,0
"240","Georgia",1976,125.9000015,0
"241","Idaho",1976,125.0999985,0
"242","Illinois",1976,134.3999939,0
"243","Indiana",1976,166.6000061,0
"244","Iowa",1976,124.4000015,0
"245","Kansas",1976,127.6999969,0
"246","Kentucky",1976,230.8999939,0
"247","Louisiana",1976,139.6000061,0
"248","Maine",1976,144.8999939,0
"249","Minnesota",1976,116.6999969,0
"250","Mississippi",1976,120.9000015,0
"251","Missouri",1976,139.5,0
"252","Montana",1976,124.9000015,0
"253","Nebraska",1976,118.0999985,0
"254","Nevada",1976,201.3999939,0
"255","New Hampshire",1976,290.5,0
"256","New Mexico",1976,102.4000015,0
"257","North Carolina",1976,230.1999969,0
"258","North Dakota",1976,125.4000015,0
"259","Ohio",1976,124.5999985,0
"260","Oklahoma",1976,138.6000061,0
"261","Pennsylvania",1976,118.8000031,0
"262","Rhode Island",1976,150.1999969,0
"263","South Carolina",1976,136.8000031,0
"264","South Dakota",1976,116.6999969,0
"265","Tennessee",1976,121.6999969,0
"266","Texas",1976,121.4000015,0
"267","Utah",1976,77.90000153,0
"268","Vermont",1976,171.1000061,0
"269","Virginia",1976,158.1000061,0
"270","West Virginia",1976,129.6999969,0
"271","Wisconsin",1976,115.4000015,0
"272","Wyoming",1976,161.5,0
"273","California",1976,128,0
"274","Alabama",1977,117.0999985,0
"275","Arkansas",1977,122.5999985,0
"276","Colorado",1977,132,0
"277","Connecticut",1977,117.3000031,0
"278","Delaware",1977,153.3000031,0
"279","Georgia",1977,127.9000015,0
"280","Idaho",1977,125,0
"281","Illinois",1977,134,0
"282","Indiana",1977,173,0
"283","Iowa",1977,125.5,0
"284","Kansas",1977,127.9000015,0
"285","Kentucky",1977,229.3999939,0
"286","Louisiana",1977,140,0
"287","Maine",1977,145.6000061,0
"288","Minnesota",1977,117.1999969,0
"289","Mississippi",1977,122.0999985,0
"290","Missouri",1977,140.8000031,0
"291","Montana",1977,127,0
"292","Nebraska",1977,117.6999969,0
"293","Nevada",1977,190.8000031,0
"294","New Hampshire",1977,278.7999878,0
"295","New Mexico",1977,102.4000015,0
"296","North Carolina",1977,217,0
"297","North Dakota",1977,122.1999969,0
"298","Ohio",1977,127.3000031,0
"299","Oklahoma",1977,140.3999939,0
"300","Pennsylvania",1977,120.0999985,0
"301","Rhode Island",1977,148.8000031,0
"302","South Carolina",1977,137.1999969,0
"303","South Dakota",1977,115.5999985,0
"304","Tennessee",1977,124.5999985,0
"305","Texas",1977,124.1999969,0
"306","Utah",1977,78,0
"307","Vermont",1977,169.3999939,0
"308","Virginia",1977,157.6999969,0
"309","West Virginia",1977,133.8999939,0
"310","Wisconsin",1977,117.1999969,0
"311","Wyoming",1977,160.3999939,0
"312","California",1977,126.4000015,0
"313","Alabama",1978,123,0
"314","Arkansas",1978,127.3000031,0
"315","Colorado",1978,129.1999969,0
"316","Connecticut",1978,117.5,0
"317","Delaware",1978,155.5,0
"318","Georgia",1978,130.6000061,0
"319","Idaho",1978,122.8000031,0
"320","Illinois",1978,136.6999969,0
"321","Indiana",1978,150.8999939,0
"322","Iowa",1978,127.0999985,0
"323","Kansas",1978,127.0999985,0
"324","Kentucky",1978,224.6999969,0
"325","Louisiana",1978,142.6999969,0
"326","Maine",1978,143.8999939,0
"327","Minnesota",1978,118.9000015,0
"328","Mississippi",1978,124.9000015,0
"329","Missouri",1978,141.8000031,0
"330","Montana",1978,127.1999969,0
"331","Nebraska",1978,117.4000015,0
"332","Nevada",1978,187,0
"333","New Hampshire",1978,269.6000061,0
"334","New Mexico",1978,103.0999985,0
"335","North Carolina",1978,205.5,0
"336","North Dakota",1978,121.9000015,0
"337","Ohio",1978,131.3000031,0
"338","Oklahoma",1978,143.6000061,0
"339","Pennsylvania",1978,122.3000031,0
"340","Rhode Island",1978,146.8000031,0
"341","South Carolina",1978,140.3999939,0
"342","South Dakota",1978,116.9000015,0
"343","Tennessee",1978,127.3000031,0
"344","Texas",1978,126.5999985,0
"345","Utah",1978,79.59999847,0
"346","Vermont",1978,162.3999939,0
"347","Virginia",1978,155.8999939,0
"348","West Virginia",1978,131.6000061,0
"349","Wisconsin",1978,116.6999969,0
"350","Wyoming",1978,160.3000031,0
"351","California",1978,126.0999985,0
"352","Alabama",1979,121.4000015,0
"353","Arkansas",1979,126.5,0
"354","Colorado",1979,131.5,0
"355","Connecticut",1979,117.4000015,0
"356","Delaware",1979,150.1999969,0
"357","Georgia",1979,131,0
"358","Idaho",1979,117.5,0
"359","Illinois",1979,135.3000031,0
"360","Indiana",1979,148.8999939,0
"361","Iowa",1979,124.1999969,0
"362","Kansas",1979,126.4000015,0
"363","Kentucky",1979,214.8999939,0
"364","Louisiana",1979,140.1000061,0
"365","Maine",1979,138.5,0
"366","Minnesota",1979,118.3000031,0
"367","Mississippi",1979,123.9000015,0
"368","Missouri",1979,140.1999969,0
"369","Montana",1979,120.3000031,0
"370","Nebraska",1979,116.0999985,0
"371","Nevada",1979,183.3000031,0
"372","New Hampshire",1979,254.6000061,0
"373","New Mexico",1979,101,0
"374","North Carolina",1979,197.3000031,0
"375","North Dakota",1979,121.3000031,0
"376","Ohio",1979,130.8999939,0
"377","Oklahoma",1979,141.6000061,0
"378","Pennsylvania",1979,122.5999985,0
"379","Rhode Island",1979,145.8000031,0
"380","South Carolina",1979,135.6999969,0
"381","South Dakota",1979,117.4000015,0
"382","Tennessee",1979,127.1999969,0
"383","Texas",1979,126.4000015,0
"384","Utah",1979,79.09999847,0
"385","Vermont",1979,160.8999939,0
"386","Virginia",1979,151.8000031,0
"387","West Virginia",1979,122.0999985,0
"388","Wisconsin",1979,117.0999985,0
"389","Wyoming",1979,168.6000061,0
"390","California",1979,121.9000015,0
"391","Alabama",1980,123.1999969,0
"392","Arkansas",1980,131.8000031,0
"393","Colorado",1980,131,0
"394","Connecticut",1980,118,0
"395","Delaware",1980,150.5,0
"396","Georgia",1980,134,0
"397","Idaho",1980,115.1999969,0
"398","Illinois",1980,135.1999969,0
"399","Indiana",1980,146.8999939,0
"400","Iowa",1980,124.5999985,0
"401","Kansas",1980,127.0999985,0
"402","Kentucky",1980,215.3000031,0
"403","Louisiana",1980,143.8000031,0
"404","Maine",1980,141.1999969,0
"405","Minnesota",1980,117.6999969,0
"406","Mississippi",1980,127,0
"407","Missouri",1980,142.1000061,0
"408","Montana",1980,122,0
"409","Nebraska",1980,116.3000031,0
"410","Nevada",1980,177.6999969,0
"411","New Hampshire",1980,247.8000031,0
"412","New Mexico",1980,102.6999969,0
"413","North Carolina",1980,187.8000031,0
"414","North Dakota",1980,123.6999969,0
"415","Ohio",1980,133.5,0
"416","Oklahoma",1980,141.6000061,0
"417","Pennsylvania",1980,124,0
"418","Rhode Island",1980,149.3000031,0
"419","South Carolina",1980,138.3000031,0
"420","South Dakota",1980,114.6999969,0
"421","Tennessee",1980,130.3999939,0
"422","Texas",1980,129.6999969,0
"423","Utah",1980,74.80000305,0
"424","Vermont",1980,161.6000061,0
"425","Virginia",1980,148.8999939,0
"426","West Virginia",1980,122.3000031,0
"427","Wisconsin",1980,117.5999985,0
"428","Wyoming",1980,158.1000061,0
"429","California",1980,120.1999969,0
"430","Alabama",1981,119.5999985,0
"431","Arkansas",1981,128.6999969,0
"432","Colorado",1981,133.8000031,0
"433","Connecticut",1981,116.4000015,0
"434","Delaware",1981,152.6000061,0
"435","Georgia",1981,131.6999969,0
"436","Idaho",1981,114.0999985,0
"437","Illinois",1981,133,0
"438","Indiana",1981,148.5,0
"439","Iowa",1981,132.8999939,0
"440","Kansas",1981,132,0
"441","Kentucky",1981,209.6999969,0
"442","Louisiana",1981,144,0
"443","Maine",1981,138.8999939,0
"444","Minnesota",1981,120.8000031,0
"445","Mississippi",1981,125.3000031,0
"446","Missouri",1981,140.5,0
"447","Montana",1981,121.0999985,0
"448","Nebraska",1981,117,0
"449","Nevada",1981,171.8999939,0
"450","New Hampshire",1981,245.3999939,0
"451","New Mexico",1981,103,0
"452","North Carolina",1981,179.3000031,0
"453","North Dakota",1981,125.6999969,0
"454","Ohio",1981,132.8000031,0
"455","Oklahoma",1981,143.6999969,0
"456","Pennsylvania",1981,125.1999969,0
"457","Rhode Island",1981,151.1999969,0
"458","South Carolina",1981,136.1000061,0
"459","South Dakota",1981,115.6999969,0
"460","Tennessee",1981,129.1000061,0
"461","Texas",1981,129,0
"462","Utah",1981,77.59999847,0
"463","Vermont",1981,163.8000031,0
"464","Virginia",1981,149.8999939,0
"465","West Virginia",1981,120.5,0
"466","Wisconsin",1981,119.9000015,0
"467","Wyoming",1981,163.1000061,0
"468","California",1981,118.5999985,0
"469","Alabama",1982,119.0999985,0
"470","Arkansas",1982,127.4000015,0
"471","Colorado",1982,130.5,0
"472","Connecticut",1982,114.6999969,0
"473","Delaware",1982,154.1000061,0
"474","Georgia",1982,131.1999969,0
"475","Idaho",1982,111.5,0
"476","Illinois",1982,130.6999969,0
"477","Indiana",1982,147.6999969,0
"478","Iowa",1982,116.1999969,0
"479","Kansas",1982,130.8999939,0
"480","Kentucky",1982,210.6000061,0
"481","Louisiana",1982,143.8999939,0
"482","Maine",1982,139.5,0
"483","Minnesota",1982,119.4000015,0
"484","Mississippi",1982,125.8000031,0
"485","Missouri",1982,139.6999969,0
"486","Montana",1982,122.4000015,0
"487","Nebraska",1982,117.0999985,0
"488","Nevada",1982,165.1000061,0
"489","New Hampshire",1982,239.8000031,0
"490","New Mexico",1982,97.5,0
"491","North Carolina",1982,179,0
"492","North Dakota",1982,126.8000031,0
"493","Ohio",1982,134,0
"494","Oklahoma",1982,147,0
"495","Pennsylvania",1982,123.3000031,0
"496","Rhode Island",1982,146.3000031,0
"497","South Carolina",1982,136,0
"498","South Dakota",1982,113,0
"499","Tennessee",1982,131.3999939,0
"500","Texas",1982,131.1999969,0
"501","Utah",1982,73.59999847,0
"502","Vermont",1982,162.3000031,0
"503","Virginia",1982,147.3999939,0
"504","West Virginia",1982,119.8000031,0
"505","Wisconsin",1982,115.5999985,0
"506","Wyoming",1982,157.6999969,0
"507","California",1982,115.4000015,0
"508","Alabama",1983,116.3000031,0
"509","Arkansas",1983,128,0
"510","Colorado",1983,125.3000031,0
"511","Connecticut",1983,114.0999985,0
"512","Delaware",1983,149.6000061,0
"513","Georgia",1983,128.6000061,0
"514","Idaho",1983,111.3000031,0
"515","Illinois",1983,127.9000015,0
"516","Indiana",1983,143,0
"517","Iowa",1983,115.5999985,0
"518","Kansas",1983,127.5999985,0
"519","Kentucky",1983,201.1000061,0
"520","Louisiana",1983,133.6999969,0
"521","Maine",1983,135.3999939,0
"522","Minnesota",1983,113.1999969,0
"523","Mississippi",1983,122.3000031,0
"524","Missouri",1983,134.1000061,0
"525","Montana",1983,113.6999969,0
"526","Nebraska",1983,110.8000031,0
"527","Nevada",1983,159.1999969,0
"528","New Hampshire",1983,232.8999939,0
"529","New Mexico",1983,96.30000305,0
"530","North Carolina",1983,169.8000031,0
"531","North Dakota",1983,119.5999985,0
"532","Ohio",1983,130,0
"533","Oklahoma",1983,140,0
"534","Pennsylvania",1983,125.3000031,0
"535","Rhode Island",1983,135.8000031,0
"536","South Carolina",1983,131.1000061,0
"537","South Dakota",1983,109.8000031,0
"538","Tennessee",1983,129,0
"539","Texas",1983,126.4000015,0
"540","Utah",1983,69,0
"541","Vermont",1983,153.8000031,0
"542","Virginia",1983,144.6999969,0
"543","West Virginia",1983,115.6999969,0
"544","Wisconsin",1983,106.3000031,0
"545","Wyoming",1983,141.1999969,0
"546","California",1983,110.8000031,0
"547","Alabama",1984,113,0
"548","Arkansas",1984,123.0999985,0
"549","Colorado",1984,119.6999969,0
"550","Connecticut",1984,112.5,0
"551","Delaware",1984,144,0
"552","Georgia",1984,126.3000031,0
"553","Idaho",1984,103.5999985,0
"554","Illinois",1984,124,0
"555","Indiana",1984,137.8000031,0
"556","Iowa",1984,111.1999969,0
"557","Kansas",1984,121.6999969,0
"558","Kentucky",1984,183.1999969,0
"559","Louisiana",1984,128.8999939,0
"560","Maine",1984,135.5,0
"561","Minnesota",1984,110.8000031,0
"562","Mississippi",1984,116.4000015,0
"563","Missouri",1984,130,0
"564","Montana",1984,110.0999985,0
"565","Nebraska",1984,107.6999969,0
"566","Nevada",1984,136.6000061,0
"567","New Hampshire",1984,215.1000061,0
"568","New Mexico",1984,88.90000153,0
"569","North Carolina",1984,160.6000061,0
"570","North Dakota",1984,109.4000015,0
"571","Ohio",1984,127.0999985,0
"572","Oklahoma",1984,128.1000061,0
"573","Pennsylvania",1984,115.3000031,0
"574","Rhode Island",1984,136.8999939,0
"575","South Carolina",1984,127,0
"576","South Dakota",1984,105.6999969,0
"577","Tennessee",1984,125.0999985,0
"578","Texas",1984,117.1999969,0
"579","Utah",1984,66.30000305,0
"580","Vermont",1984,144.3000031,0
"581","Virginia",1984,136.8000031,0
"582","West Virginia",1984,111.9000015,0
"583","Wisconsin",1984,105.5999985,0
"584","Wyoming",1984,128.8999939,0
"585","California",1984,104.8000031,0
"586","Alabama",1985,114.5,0
"587","Arkansas",1985,125.8000031,0
"588","Colorado",1985,112.4000015,0
"589","Connecticut",1985,111,0
"590","Delaware",1985,144.5,0
"591","Georgia",1985,128.8000031,0
"592","Idaho",1985,100.6999969,0
"593","Illinois",1985,121.5999985,0
"594","Indiana",1985,135.3000031,0
"595","Iowa",1985,109.4000015,0
"596","Kansas",1985,115.6999969,0
"597","Kentucky",1985,182.3999939,0
"598","Louisiana",1985,125,0
"599","Maine",1985,127.9000015,0
"600","Minnesota",1985,113,0
"601","Mississippi",1985,115.3000031,0
"602","Missouri",1985,129.1999969,0
"603","Montana",1985,103.5999985,0
"604","Nebraska",1985,105.0999985,0
"605","Nevada",1985,146.6999969,0
"606","New Hampshire",1985,201.1000061,0
"607","New Mexico",1985,88,0
"608","North Carolina",1985,156.3000031,0
"609","North Dakota",1985,103.1999969,0
"610","Ohio",1985,126.6999969,0
"611","Oklahoma",1985,124.1999969,0
"612","Pennsylvania",1985,115.8000031,0
"613","Rhode Island",1985,133.3999939,0
"614","South Carolina",1985,125.4000015,0
"615","South Dakota",1985,104.4000015,0
"616","Tennessee",1985,128.6999969,0
"617","Texas",1985,115.9000015,0
"618","Utah",1985,66.5,0
"619","Vermont",1985,144.5,0
"620","Virginia",1985,134.6000061,0
"621","West Virginia",1985,109.0999985,0
"622","Wisconsin",1985,107,0
"623","Wyoming",1985,125.6999969,0
"624","California",1985,102.8000031,0
"625","Alabama",1986,116.3000031,0
"626","Arkansas",1986,126,0
"627","Colorado",1986,109.9000015,0
"628","Connecticut",1986,108.5,0
"629","Delaware",1986,142.3999939,0
"630","Georgia",1986,129,0
"631","Idaho",1986,96.69999695,0
"632","Illinois",1986,118.1999969,0
"633","Indiana",1986,137.6000061,0
"634","Iowa",1986,104.0999985,0
"635","Kansas",1986,109.4000015,0
"636","Kentucky",1986,179.8000031,0
"637","Louisiana",1986,121.1999969,0
"638","Maine",1986,119,0
"639","Minnesota",1986,104.3000031,0
"640","Mississippi",1986,113.1999969,0
"641","Missouri",1986,128.8000031,0
"642","Montana",1986,97.80000305,0
"643","Nebraska",1986,103.0999985,0
"644","Nevada",1986,142.6000061,0
"645","New Hampshire",1986,195.8999939,0
"646","New Mexico",1986,88.19999695,0
"647","North Carolina",1986,154.3999939,0
"648","North Dakota",1986,99.80000305,0
"649","Ohio",1986,126.3000031,0
"650","Oklahoma",1986,119.9000015,0
"651","Pennsylvania",1986,113.9000015,0
"652","Rhode Island",1986,136.3000031,0
"653","South Carolina",1986,126.5999985,0
"654","South Dakota",1986,97,0
"655","Tennessee",1986,129,0
"656","Texas",1986,113.6999969,0
"657","Utah",1986,64.40000153,0
"658","Vermont",1986,131.1999969,0
"659","Virginia",1986,135.8000031,0
"660","West Virginia",1986,112.0999985,0
"661","Wisconsin",1986,105.4000015,0
"662","Wyoming",1986,124.8000031,0
"663","California",1986,99.69999695,0
"664","Alabama",1987,114,0
"665","Arkansas",1987,122.3000031,0
"666","Colorado",1987,102.4000015,0
"667","Connecticut",1987,109,0
"668","Delaware",1987,141,0
"669","Georgia",1987,129.3000031,0
"670","Idaho",1987,95,0
"671","Illinois",1987,109.5,0
"672","Indiana",1987,134,0
"673","Iowa",1987,101.0999985,0
"674","Kansas",1987,105.1999969,0
"675","Kentucky",1987,171.1999969,0
"676","Louisiana",1987,116.5,0
"677","Maine",1987,125,0
"678","Minnesota",1987,108.8000031,0
"679","Mississippi",1987,110,0
"680","Missouri",1987,128.6999969,0
"681","Montana",1987,91.69999695,0
"682","Nebraska",1987,101.3000031,0
"683","Nevada",1987,147.6999969,0
"684","New Hampshire",1987,195.1000061,0
"685","New Mexico",1987,82.30000305,0
"686","North Carolina",1987,150.5,0
"687","North Dakota",1987,92.30000305,0
"688","Ohio",1987,124.5999985,0
"689","Oklahoma",1987,113.0999985,0
"690","Pennsylvania",1987,110.5999985,0
"691","Rhode Island",1987,124.4000015,0
"692","South Carolina",1987,126.5999985,0
"693","South Dakota",1987,95.80000305,0
"694","Tennessee",1987,130.6000061,0
"695","Texas",1987,105.8000031,0
"696","Utah",1987,67.69999695,0
"697","Vermont",1987,128.3000031,0
"698","Virginia",1987,133,0
"699","West Virginia",1987,107.5,0
"700","Wisconsin",1987,106,0
"701","Wyoming",1987,110.4000015,0
"702","California",1987,97.5,0
"703","Alabama",1988,112.0999985,0
"704","Arkansas",1988,121.5,0
"705","Colorado",1988,94.59999847,0
"706","Connecticut",1988,104.8000031,0
"707","Delaware",1988,137.1000061,0
"708","Georgia",1988,124.0999985,0
"709","Idaho",1988,84.5,0
"710","Illinois",1988,107.5999985,0
"711","Indiana",1988,134,0
"712","Iowa",1988,100.1999969,0
"713","Kansas",1988,103.1999969,0
"714","Kentucky",1988,173.1999969,0
"715","Louisiana",1988,110.9000015,0
"716","Maine",1988,125,0
"717","Minnesota",1988,94.09999847,0
"718","Mississippi",1988,109,0
"719","Missouri",1988,127.4000015,0
"720","Montana",1988,87.09999847,0
"721","Nebraska",1988,92.90000153,0
"722","Nevada",1988,141.8999939,0
"723","New Hampshire",1988,180.3999939,0
"724","New Mexico",1988,77.69999695,0
"725","North Carolina",1988,146,0
"726","North Dakota",1988,87.09999847,0
"727","Ohio",1988,122.4000015,0
"728","Oklahoma",1988,103.5999985,0
"729","Pennsylvania",1988,107.5999985,0
"730","Rhode Island",1988,138,0
"731","South Carolina",1988,124.4000015,0
"732","South Dakota",1988,91.90000153,0
"733","Tennessee",1988,125.3000031,0
"734","Texas",1988,96.5,0
"735","Utah",1988,55,0
"736","Vermont",1988,128.6999969,0
"737","Virginia",1988,129.5,0
"738","West Virginia",1988,109.0999985,0
"739","Wisconsin",1988,102.5999985,0
"740","Wyoming",1988,114.3000031,0
"741","California",1988,90.09999847,0
"742","Alabama",1989,105.5999985,0
"743","Arkansas",1989,118.3000031,0
"744","Colorado",1989,88.80000305,0
"745","Connecticut",1989,100.5999985,0
"746","Delaware",1989,131.6999969,0
"747","Georgia",1989,117.0999985,0
"748","Idaho",1989,78.40000153,0
"749","Illinois",1989,104.5999985,0
"750","Indiana",1989,132.5,0
"751","Iowa",1989,94.40000153,0
"752","Kansas",1989,96.5,0
"753","Kentucky",1989,171.6000061,0
"754","Louisiana",1989,103.5999985,0
"755","Maine",1989,122.4000015,0
"756","Minnesota",1989,92.30000305,0
"757","Mississippi",1989,108.3000031,0
"758","Missouri",1989,122.8000031,0
"759","Montana",1989,86.19999695,0
"760","Nebraska",1989,93.80000305,0
"761","Nevada",1989,137.8999939,0
"762","New Hampshire",1989,172.8999939,0
"763","New Mexico",1989,74.40000153,0
"764","North Carolina",1989,139.3000031,0
"765","North Dakota",1989,84.09999847,0
"766","Ohio",1989,118.5999985,0
"767","Oklahoma",1989,97.5,0
"768","Pennsylvania",1989,107.0999985,0
"769","Rhode Island",1989,120.8000031,0
"770","South Carolina",1989,122.4000015,0
"771","South Dakota",1989,87.40000153,0
"772","Tennessee",1989,124.6999969,0
"773","Texas",1989,94.5,0
"774","Utah",1989,57,0
"775","Vermont",1989,120.9000015,0
"776","Virginia",1989,122.5,0
"777","West Virginia",1989,104,0
"778","Wisconsin",1989,100.3000031,0
"779","Wyoming",1989,111.4000015,0
"780","California",1989,82.40000153,1
"781","Alabama",1990,108.5999985,0
"782","Arkansas",1990,113.0999985,0
"783","Colorado",1990,87.40000153,0
"784","Connecticut",1990,91.5,0
"785","Delaware",1990,127.1999969,0
"786","Georgia",1990,113.8000031,0
"787","Idaho",1990,90.09999847,0
"788","Illinois",1990,94.09999847,0
"789","Indiana",1990,128.3000031,0
"790","Iowa",1990,95.40000153,0
"791","Kansas",1990,94.30000305,0
"792","Kentucky",1990,182.5,0
"793","Louisiana",1990,101.5,0
"794","Maine",1990,117.5,0
"795","Minnesota",1990,90.69999695,0
"796","Mississippi",1990,101.8000031,0
"797","Missouri",1990,119.0999985,0
"798","Montana",1990,84.69999695,0
"799","Nebraska",1990,89.90000153,0
"800","Nevada",1990,137.3000031,0
"801","New Hampshire",1990,152.3999939,0
"802","New Mexico",1990,70.80000305,0
"803","North Carolina",1990,133.6999969,0
"804","North Dakota",1990,77.09999847,0
"805","Ohio",1990,115.5,0
"806","Oklahoma",1990,88.40000153,0
"807","Pennsylvania",1990,101.3000031,0
"808","Rhode Island",1990,101.4000015,0
"809","South Carolina",1990,118.5999985,0
"810","South Dakota",1990,88.30000305,0
"811","Tennessee",1990,121.8000031,0
"812","Texas",1990,85.59999847,0
"813","Utah",1990,53.40000153,0
"814","Vermont",1990,124.3000031,0
"815","Virginia",1990,118.9000015,0
"816","West Virginia",1990,104.0999985,0
"817","Wisconsin",1990,94,0
"818","Wyoming",1990,96.90000153,0
"819","California",1990,77.80000305,1
"820","Alabama",1991,107.9000015,0
"821","Arkansas",1991,116.8000031,0
"822","Colorado",1991,90.19999695,0
"823","Connecticut",1991,86.69999695,0
"824","Delaware",1991,118.8000031,0
"825","Georgia",1991,109.5999985,0
"826","Idaho",1991,85.40000153,0
"827","Illinois",1991,96.09999847,0
"828","Indiana",1991,127.1999969,0
"829","Iowa",1991,97.09999847,0
"830","Kansas",1991,91.80000305,0
"831","Kentucky",1991,170.3999939,0
"832","Louisiana",1991,107.1999969,0
"833","Maine",1991,116.0999985,0
"834","Minnesota",1991,86.19999695,0
"835","Mississippi",1991,105.5999985,0
"836","Missouri",1991,119.9000015,0
"837","Montana",1991,82.90000153,0
"838","Nebraska",1991,92.40000153,0
"839","Nevada",1991,115.5,0
"840","New Hampshire",1991,144.8000031,0
"841","New Mexico",1991,69.90000153,0
"842","North Carolina",1991,132.6999969,0
"843","North Dakota",1991,85.19999695,0
"844","Ohio",1991,113.1999969,0
"845","Oklahoma",1991,87.80000305,0
"846","Pennsylvania",1991,102.5,0
"847","Rhode Island",1991,103.5999985,0
"848","South Carolina",1991,121.5,0
"849","South Dakota",1991,91.80000305,0
"850","Tennessee",1991,120.5999985,0
"851","Texas",1991,79.40000153,0
"852","Utah",1991,53.5,0
"853","Vermont",1991,120.9000015,0
"854","Virginia",1991,109.0999985,0
"855","West Virginia",1991,100.0999985,0
"856","Wisconsin",1991,95.5,0
"857","Wyoming",1991,109.0999985,0
"858","California",1991,68.69999695,1
"859","Alabama",1992,109.0999985,0
"860","Arkansas",1992,126,0
"861","Colorado",1992,88.30000305,0
"862","Connecticut",1992,83.5,0
"863","Delaware",1992,120,0
"864","Georgia",1992,109.1999969,0
"865","Idaho",1992,85.09999847,0
"866","Illinois",1992,94.80000305,0
"867","Indiana",1992,128.1999969,0
"868","Iowa",1992,95.19999695,0
"869","Kansas",1992,90,0
"870","Kentucky",1992,167.6000061,0
"871","Louisiana",1992,108.5,0
"872","Maine",1992,114.5,0
"873","Minnesota",1992,83.80000305,0
"874","Mississippi",1992,103.9000015,0
"875","Missouri",1992,122.3000031,0
"876","Montana",1992,86.59999847,0
"877","Nebraska",1992,90.59999847,0
"878","Nevada",1992,110,0
"879","New Hampshire",1992,143.6999969,0
"880","New Mexico",1992,71.40000153,0
"881","North Carolina",1992,128.8999939,0
"882","North Dakota",1992,74.30000305,0
"883","Ohio",1992,112.3000031,0
"884","Oklahoma",1992,86.30000305,0
"885","Pennsylvania",1992,96.19999695,0
"886","Rhode Island",1992,100.0999985,0
"887","South Carolina",1992,112.8000031,0
"888","South Dakota",1992,93,0
"889","Tennessee",1992,121,0
"890","Texas",1992,77.19999695,0
"891","Utah",1992,55,0
"892","Vermont",1992,126.5,0
"893","Virginia",1992,108.1999969,0
"894","West Virginia",1992,97.90000153,0
"895","Wisconsin",1992,96.19999695,0
"896","Wyoming",1992,110.8000031,0
"897","California",1992,67.5,1
"898","Alabama",1993,108.5,0
"899","Arkansas",1993,113.8000031,0
"900","Colorado",1993,88.59999847,0
"901","Connecticut",1993,79.09999847,0
"902","Delaware",1993,123.8000031,0
"903","Georgia",1993,109.1999969,0
"904","Idaho",1993,86.69999695,0
"905","Illinois",1993,94.59999847,0
"906","Indiana",1993,126.8000031,0
"907","Iowa",1993,92.5,0
"908","Kansas",1993,89.90000153,0
"909","Kentucky",1993,167.6000061,0
"910","Louisiana",1993,106.1999969,0
"911","Maine",1993,108.5,0
"912","Minnesota",1993,81.59999847,0
"913","Mississippi",1993,105.4000015,0
"914","Missouri",1993,121.5999985,0
"915","Montana",1993,86,0
"916","Nebraska",1993,91.09999847,0
"917","Nevada",1993,108.0999985,0
"918","New Hampshire",1993,148.8999939,0
"919","New Mexico",1993,69,0
"920","North Carolina",1993,129.6999969,0
"921","North Dakota",1993,83,0
"922","Ohio",1993,108.9000015,0
"923","Oklahoma",1993,86.19999695,0
"924","Pennsylvania",1993,94.69999695,0
"925","Rhode Island",1993,94.09999847,0
"926","South Carolina",1993,115.1999969,0
"927","South Dakota",1993,91.59999847,0
"928","Tennessee",1993,120.8000031,0
"929","Texas",1993,81.30000305,0
"930","Utah",1993,56.20000076,0
"931","Vermont",1993,117.1999969,0
"932","Virginia",1993,105.4000015,0
"933","West Virginia",1993,111,0
"934","Wisconsin",1993,91.19999695,0
"935","Wyoming",1993,108.4000015,0
"936","California",1993,63.40000153,1
"937","Alabama",1994,107.0999985,0
"938","Arkansas",1994,108.8000031,0
"939","Colorado",1994,89.09999847,0
"940","Connecticut",1994,76.59999847,0
"941","Delaware",1994,126.0999985,0
"942","Georgia",1994,107.8000031,0
"943","Idaho",1994,93,0
"944","Illinois",1994,85.69999695,0
"945","Indiana",1994,128.1999969,0
"946","Iowa",1994,93.40000153,0
"947","Kansas",1994,89.09999847,0
"948","Kentucky",1994,170.1000061,0
"949","Louisiana",1994,105.3000031,0
"950","Maine",1994,101.5999985,0
"951","Minnesota",1994,83.40000153,0
"952","Mississippi",1994,106,0
"953","Missouri",1994,119.4000015,0
"954","Montana",1994,88.19999695,0
"955","Nebraska",1994,85.90000153,0
"956","Nevada",1994,105.1999969,0
"957","New Hampshire",1994,153.8000031,0
"958","New Mexico",1994,68.19999695,0
"959","North Carolina",1994,112.6999969,0
"960","North Dakota",1994,81,0
"961","Ohio",1994,108.5999985,0
"962","Oklahoma",1994,104.8000031,0
"963","Pennsylvania",1994,95.40000153,0
"964","Rhode Island",1994,91.90000153,0
"965","South Carolina",1994,112.1999969,0
"966","South Dakota",1994,94.80000305,0
"967","Tennessee",1994,118.8000031,0
"968","Texas",1994,78.80000305,0
"969","Utah",1994,55.79999924,0
"970","Vermont",1994,120.3000031,0
"971","Virginia",1994,106.1999969,0
"972","West Virginia",1994,104.1999969,0
"973","Wisconsin",1994,91.80000305,0
"974","Wyoming",1994,111.1999969,0
"975","California",1994,58.59999847,1
"976","Alabama",1995,102.5999985,0
"977","Arkansas",1995,113,0
"978","Colorado",1995,85.40000153,0
"979","Connecticut",1995,79.30000305,0
"980","Delaware",1995,127.1999969,0
"981","Georgia",1995,100.3000031,0
"982","Idaho",1995,78.19999695,0
"983","Illinois",1995,84.30000305,0
"984","Indiana",1995,135.3999939,0
"985","Iowa",1995,93,0
"986","Kansas",1995,90.09999847,0
"987","Kentucky",1995,175.3000031,0
"988","Louisiana",1995,105.6999969,0
"989","Maine",1995,102.3000031,0
"990","Minnesota",1995,84.09999847,0
"991","Mississippi",1995,107.5,0
"992","Missouri",1995,124,0
"993","Montana",1995,90.5,0
"994","Nebraska",1995,88.5,0
"995","Nevada",1995,100.9000015,0
"996","New Hampshire",1995,158.5,0
"997","New Mexico",1995,67,0
"998","North Carolina",1995,124.9000015,0
"999","North Dakota",1995,80.59999847,0
"1000","Ohio",1995,111.6999969,0
"1001","Oklahoma",1995,109.5,0
"1002","Pennsylvania",1995,95.40000153,0
"1003","Rhode Island",1995,90.80000305,0
"1004","South Carolina",1995,109.1999969,0
"1005","South Dakota",1995,98.59999847,0
"1006","Tennessee",1995,125.4000015,0
"1007","Texas",1995,75.19999695,0
"1008","Utah",1995,52,0
"1009","Vermont",1995,123.1999969,0
"1010","Virginia",1995,106.6999969,0
"1011","West Virginia",1995,115.1999969,0
"1012","Wisconsin",1995,93.5,0
"1013","Wyoming",1995,115,0
"1014","California",1995,56.40000153,1
"1015","Alabama",1996,101.4000015,0
"1016","Arkansas",1996,110.6999969,0
"1017","Colorado",1996,83.09999847,0
"1018","Connecticut",1996,76,0
"1019","Delaware",1996,128.3000031,0
"1020","Georgia",1996,102.6999969,0
"1021","Idaho",1996,73.59999847,0
"1022","Illinois",1996,81.80000305,0
"1023","Indiana",1996,135.1000061,0
"1024","Iowa",1996,94,0
"1025","Kansas",1996,88.69999695,0
"1026","Kentucky",1996,179,0
"1027","Louisiana",1996,106.8000031,0
"1028","Maine",1996,100,0
"1029","Minnesota",1996,81.69999695,0
"1030","Mississippi",1996,106.9000015,0
"1031","Missouri",1996,124.0999985,0
"1032","Montana",1996,87.30000305,0
"1033","Nebraska",1996,86.19999695,0
"1034","Nevada",1996,99,0
"1035","New Hampshire",1996,158,0
"1036","New Mexico",1996,65.69999695,0
"1037","North Carolina",1996,129.6999969,0
"1038","North Dakota",1996,80.80000305,0
"1039","Ohio",1996,107.5999985,0
"1040","Oklahoma",1996,110.8000031,0
"1041","Pennsylvania",1996,93.30000305,0
"1042","Rhode Island",1996,87.5,0
"1043","South Carolina",1996,102.9000015,0
"1044","South Dakota",1996,92.30000305,0
"1045","Tennessee",1996,119.1999969,0
"1046","Texas",1996,74.59999847,0
"1047","Utah",1996,54,0
"1048","Vermont",1996,102.5,0
"1049","Virginia",1996,104.5999985,0
"1050","West Virginia",1996,112.6999969,0
"1051","Wisconsin",1996,92.09999847,0
"1052","Wyoming",1996,110.3000031,0
"1053","California",1996,54.5,1
"1054","Alabama",1997,104.9000015,0
"1055","Arkansas",1997,108.6999969,0
"1056","Colorado",1997,81.30000305,0
"1057","Connecticut",1997,75.90000153,0
"1058","Delaware",1997,124.0999985,0
"1059","Georgia",1997,100.5999985,0
"1060","Idaho",1997,75,0
"1061","Illinois",1997,79.59999847,0
"1062","Indiana",1997,135.3000031,0
"1063","Iowa",1997,93.90000153,0
"1064","Kansas",1997,89.19999695,0
"1065","Kentucky",1997,186.8000031,0
"1066","Louisiana",1997,105.3000031,0
"1067","Maine",1997,101.0999985,0
"1068","Minnesota",1997,84.09999847,0
"1069","Mississippi",1997,106.3000031,0
"1070","Missouri",1997,120.5999985,0
"1071","Montana",1997,88.90000153,0
"1072","Nebraska",1997,85.5,0
"1073","Nevada",1997,95.59999847,0
"1074","New Hampshire",1997,174.3999939,0
"1075","New Mexico",1997,61.79999924,0
"1076","North Carolina",1997,125.5999985,0
"1077","North Dakota",1997,77.5,0
"1078","Ohio",1997,108.5999985,0
"1079","Oklahoma",1997,111.8000031,0
"1080","Pennsylvania",1997,92.90000153,0
"1081","Rhode Island",1997,90,0
"1082","South Carolina",1997,124.5,0
"1083","South Dakota",1997,88.80000305,0
"1084","Tennessee",1997,118.9000015,0
"1085","Texas",1997,72.59999847,0
"1086","Utah",1997,57,0
"1087","Vermont",1997,97.69999695,0
"1088","Virginia",1997,108,0
"1089","West Virginia",1997,114.5,0
"1090","Wisconsin",1997,91.90000153,0
"1091","Wyoming",1997,108.8000031,0
"1092","California",1997,53.79999924,1
"1093","Alabama",1998,106.1999969,0
"1094","Arkansas",1998,109.5,0
"1095","Colorado",1998,81.19999695,0
"1096","Connecticut",1998,75.5,0
"1097","Delaware",1998,132.8000031,0
"1098","Georgia",1998,100.5,0
"1099","Idaho",1998,78.90000153,0
"1100","Illinois",1998,80.30000305,0
"1101","Indiana",1998,135.8999939,0
"1102","Iowa",1998,94,0
"1103","Kansas",1998,87.59999847,0
"1104","Kentucky",1998,171.3000031,0
"1105","Louisiana",1998,103.1999969,0
"1106","Maine",1998,94.5,0
"1107","Minnesota",1998,83.19999695,0
"1108","Mississippi",1998,107,0
"1109","Missouri",1998,120.0999985,0
"1110","Montana",1998,89.09999847,0
"1111","Nebraska",1998,83.09999847,0
"1112","Nevada",1998,102.4000015,0
"1113","New Hampshire",1998,173.8000031,0
"1114","New Mexico",1998,62.59999847,0
"1115","North Carolina",1998,126,0
"1116","North Dakota",1998,79.09999847,0
"1117","Ohio",1998,106.4000015,0
"1118","Oklahoma",1998,112.1999969,0
"1119","Pennsylvania",1998,92.09999847,0
"1120","Rhode Island",1998,88.69999695,0
"1121","South Carolina",1998,126.9000015,0
"1122","South Dakota",1998,88.30000305,0
"1123","Tennessee",1998,119.6999969,0
"1124","Texas",1998,73.19999695,0
"1125","Utah",1998,42.29999924,0
"1126","Vermont",1998,97,0
"1127","Virginia",1998,105.5999985,0
"1128","West Virginia",1998,114.5999985,0
"1129","Wisconsin",1998,88.69999695,0
"1130","Wyoming",1998,102.9000015,0
"1131","California",1998,52.29999924,1
"1132","Alabama",1999,100.6999969,0
"1133","Arkansas",1999,104.8000031,0
"1134","Colorado",1999,79.59999847,0
"1135","Connecticut",1999,73.40000153,0
"1136","Delaware",1999,139.5,0
"1137","Georgia",1999,97.09999847,0
"1138","Idaho",1999,75.09999847,0
"1139","Illinois",1999,72.19999695,0
"1140","Indiana",1999,133.3000031,0
"1141","Iowa",1999,91.69999695,0
"1142","Kansas",1999,83.30000305,0
"1143","Kentucky",1999,165.3000031,0
"1144","Louisiana",1999,101,0
"1145","Maine",1999,85.5,0
"1146","Minnesota",1999,80.69999695,0
"1147","Mississippi",1999,103.9000015,0
"1148","Missouri",1999,118,0
"1149","Montana",1999,82.59999847,0
"1150","Nebraska",1999,86.59999847,0
"1151","Nevada",1999,103.9000015,0
"1152","New Hampshire",1999,171.6999969,0
"1153","New Mexico",1999,59.70000076,0
"1154","North Carolina",1999,113.0999985,0
"1155","North Dakota",1999,74.69999695,0
"1156","Ohio",1999,104,0
"1157","Oklahoma",1999,111.4000015,0
"1158","Pennsylvania",1999,91.09999847,0
"1159","Rhode Island",1999,86.90000153,0
"1160","South Carolina",1999,109.4000015,0
"1161","South Dakota",1999,83.5,0
"1162","Tennessee",1999,115.5999985,0
"1163","Texas",1999,67.59999847,0
"1164","Utah",1999,43.90000153,0
"1165","Vermont",1999,94.09999847,0
"1166","Virginia",1999,102.0999985,0
"1167","West Virginia",1999,112.4000015,0
"1168","Wisconsin",1999,84.40000153,0
"1169","Wyoming",1999,104.8000031,0
"1170","California",1999,47.20000076,1
"1171","Alabama",2000,96.19999695,0
"1172","Arkansas",2000,99.40000153,0
"1173","Colorado",2000,73,0
"1174","Connecticut",2000,71.40000153,0
"1175","Delaware",2000,140.6999969,0
"1176","Georgia",2000,88.40000153,0
"1177","Idaho",2000,66.90000153,0
"1178","Illinois",2000,70,0
"1179","Indiana",2000,125.5,0
"1180","Iowa",2000,88.90000153,0
"1181","Kansas",2000,79.80000305,0
"1182","Kentucky",2000,156.1999969,0
"1183","Louisiana",2000,104.3000031,0
"1184","Maine",2000,82.90000153,0
"1185","Minnesota",2000,76,0
"1186","Mississippi",2000,97.19999695,0
"1187","Missouri",2000,113.8000031,0
"1188","Montana",2000,75.5,0
"1189","Nebraska",2000,77.59999847,0
"1190","Nevada",2000,93.19999695,0
"1191","New Hampshire",2000,147.3000031,0
"1192","New Mexico",2000,53.79999924,0
"1193","North Carolina",2000,109,0
"1194","North Dakota",2000,72.5,0
"1195","Ohio",2000,99.90000153,0
"1196","Oklahoma",2000,108.9000015,0
"1197","Pennsylvania",2000,87.90000153,0
"1198","Rhode Island",2000,83.09999847,0
"1199","South Carolina",2000,103.9000015,0
"1200","South Dakota",2000,75.09999847,0
"1201","Tennessee",2000,108.6999969,0
"1202","Texas",2000,69.30000305,0
"1203","Utah",2000,40.70000076,0
"1204","Vermont",2000,88.90000153,0
"1205","Virginia",2000,96.69999695,0
"1206","West Virginia",2000,107.9000015,0
"1207","Wisconsin",2000,80.09999847,0
"1208","Wyoming",2000,90.5,0
"1209","California",2000,41.59999847,1
